ref_count	ref_count_raw	ref_avg_int	ref_avg_gap	ref_coverage	query_count	query_count_raw	query_avg_int	query_avg_gap	query_coverage	overlaps_count
171803	178700	5857.23170724609	12161.459762287257	0.32506293294619293	11530	11530	8883.443972246314	259582.9765848582	0.03308681602383963	8296
