ref_count	ref_count_raw	ref_avg_int	ref_avg_gap	ref_coverage	query_count	query_count_raw	query_avg_int	query_avg_gap	query_coverage	overlaps_count
217527	839886	347.8419506544015	13883.32718546578	0.02444215140333879	23438	23438	9181.156327331684	122893.01890012373	0.06951239207478509	16102
