ref_count	ref_count_raw	ref_avg_int	ref_avg_gap	ref_coverage	query_count	query_count_raw	query_avg_int	query_avg_gap	query_coverage	overlaps_count
175152	765923	6428.299134466064	11245.870536045628	0.3637101997887369	24032	24032	11362.341253328896	117447.5773727791	0.0882067956892144	23143
