ref_count	ref_count_raw	ref_avg_int	ref_avg_gap	ref_coverage	query_count	query_count_raw	query_avg_int	query_avg_gap	query_coverage	overlaps_count
17844	62670	53574.02011880744	119904.88075091063	0.30880957146706733	24032	24032	11362.341253328896	117447.5773727791	0.0882067956892144	5852
