ref_count	ref_count_raw	ref_avg_int	ref_avg_gap	ref_coverage	query_count	query_count_raw	query_avg_int	query_avg_gap	query_coverage	overlaps_count
19082	73833	57516.38989623729	104708.36136875753	0.35453556877262893	3132	3132	35581.89846743295	952516.7270986275	0.035999392432818515	2035
