ref_count	ref_count_raw	ref_avg_int	ref_avg_gap	ref_coverage	query_count	query_count_raw	query_avg_int	query_avg_gap	query_coverage	overlaps_count
19082	73833	57516.38989623729	104708.36136875753	0.35453556877262893	11732	11732	11647.083020797818	252197.54828262166	0.044140121793801425	3824
