ref_count	ref_count_raw	ref_avg_int	ref_avg_gap	ref_coverage	query_count	query_count_raw	query_avg_int	query_avg_gap	query_coverage	overlaps_count
6395	6409	6049.503831118061	477953.5389305816	0.012496966528242382	11530	11530	8883.443972246314	259582.9765848582	0.03308681602383963	189
