ref_count	ref_count_raw	ref_avg_int	ref_avg_gap	ref_coverage	query_count	query_count_raw	query_avg_int	query_avg_gap	query_coverage	overlaps_count
6395	6409	6049.503831118061	477953.5389305816	0.012496966528242382	23438	23438	9181.156327331684	122893.01890012373	0.06951239207478509	526
