ref_count	ref_count_raw	ref_avg_int	ref_avg_gap	ref_coverage	query_count	query_count_raw	query_avg_int	query_avg_gap	query_coverage	overlaps_count
133	133	3659.1503759398497	23098438.39552239	0.00015720856382305768	11530	11530	8883.443972246314	259582.9765848582	0.03308681602383963	3
