ref_count	ref_count_raw	ref_avg_int	ref_avg_gap	ref_coverage	query_count	query_count_raw	query_avg_int	query_avg_gap	query_coverage	overlaps_count
6888	6904	337.02148664343787	449028.3071563362	0.000749885627940874	24032	24032	11362.341253328896	117447.5773727791	0.0882067956892144	593
