ref_count	ref_count_raw	ref_avg_int	ref_avg_gap	ref_coverage	query_count	query_count_raw	query_avg_int	query_avg_gap	query_coverage	overlaps_count
6864	34786	6648.12601981352	444289.1005098325	0.014740792055112233	24032	24032	11362.341253328896	117447.5773727791	0.0882067956892144	854
