ref_count	ref_count_raw	ref_avg_int	ref_avg_gap	ref_coverage	query_count	query_count_raw	query_avg_int	query_avg_gap	query_coverage	overlaps_count
8289	37311	351.11280009651347	373072.01905910735	0.0009401412397552488	24032	24032	11362.341253328896	117447.5773727791	0.0882067956892144	772
