ref_count	ref_count_raw	ref_avg_int	ref_avg_gap	ref_coverage	query_count	query_count_raw	query_avg_int	query_avg_gap	query_coverage	overlaps_count
10856	10876	331.02063375092115	284800.94427558256	0.0011608315472632974	11530	11530	8883.443972246314	259582.9765848582	0.03308681602383963	239
