ref_count	ref_count_raw	ref_avg_int	ref_avg_gap	ref_coverage	query_count	query_count_raw	query_avg_int	query_avg_gap	query_coverage	overlaps_count
10051	10069	6320.415879017013	301646.5292479109	0.020521033539782796	11732	11732	11647.083020797818	252197.54828262166	0.044140121793801425	484
