ref_count	ref_count_raw	ref_avg_int	ref_avg_gap	ref_coverage	query_count	query_count_raw	query_avg_int	query_avg_gap	query_coverage	overlaps_count
1495	4959	61454.360535117055	2007889.8014705882	0.029678243813086296	24032	24032	11362.341253328896	117447.5773727791	0.0882067956892144	496
