ref_count	ref_count_raw	ref_avg_int	ref_avg_gap	ref_coverage	query_count	query_count_raw	query_avg_int	query_avg_gap	query_coverage	overlaps_count
1379	1394	66431.66932559825	2176860.9710144927	0.029592641547497262	1169	1169	55370.63387510693	2590554.8213675213	0.020909242916942537	44
