ref_count	ref_count_raw	ref_avg_int	ref_avg_gap	ref_coverage	query_count	query_count_raw	query_avg_int	query_avg_gap	query_coverage	overlaps_count
17149	17303	5033.765350749315	175472.49970845482	0.027885348022819115	23438	23438	9181.156327331684	122893.01890012373	0.06951239207478509	1317
