ref_count	ref_count_raw	ref_avg_int	ref_avg_gap	ref_coverage	query_count	query_count_raw	query_avg_int	query_avg_gap	query_coverage	overlaps_count
10881	53976	6953.131054131054	277524.38825583534	0.024439568123837834	24032	24032	11362.341253328896	117447.5773727791	0.0882067956892144	1198
