ref_count	ref_count_raw	ref_avg_int	ref_avg_gap	ref_coverage	query_count	query_count_raw	query_avg_int	query_avg_gap	query_coverage	overlaps_count
21950	74209	294.9953986332574	140731.73263177075	0.0020916743375456073	24032	24032	11362.341253328896	117447.5773727791	0.0882067956892144	1568
