ref_count	ref_count_raw	ref_avg_int	ref_avg_gap	ref_coverage	query_count	query_count_raw	query_avg_int	query_avg_gap	query_coverage	overlaps_count
10467	54371	11027.32569026464	284701.4132594574	0.03728522150033377	11530	11530	8883.443972246314	259582.9765848582	0.03308681602383963	621
