ref_count	ref_count_raw	ref_avg_int	ref_avg_gap	ref_coverage	query_count	query_count_raw	query_avg_int	query_avg_gap	query_coverage	overlaps_count
3093	3095	352.54833494988685	1000189.7155785391	0.0003522434203812965	23438	23438	9181.156327331684	122893.01890012373	0.06951239207478509	344
