ref_count	ref_count_raw	ref_avg_int	ref_avg_gap	ref_coverage	query_count	query_count_raw	query_avg_int	query_avg_gap	query_coverage	overlaps_count
2854	2855	10085.90364400841	1074217.9485113835	0.00929850406519037	23438	23438	9181.156327331684	122893.01890012373	0.06951239207478509	485
