ref_count	ref_count_raw	ref_avg_int	ref_avg_gap	ref_coverage	query_count	query_count_raw	query_avg_int	query_avg_gap	query_coverage	overlaps_count
10575	10638	346.04312056737587	292361.7630484115	0.0011821018513798556	24032	24032	11362.341253328896	117447.5773727791	0.0882067956892144	1160
