ref_count	ref_count_raw	ref_avg_int	ref_avg_gap	ref_coverage	query_count	query_count_raw	query_avg_int	query_avg_gap	query_coverage	overlaps_count
11	50	70642.09090909091	257908362.41666666	0.00025101549566754406	23438	23438	9181.156327331684	122893.01890012373	0.06951239207478509	5
