ref_count	ref_count_raw	ref_avg_int	ref_avg_gap	ref_coverage	query_count	query_count_raw	query_avg_int	query_avg_gap	query_coverage	overlaps_count
116	459	406.5948275862069	26458378.17948718	1.5235760618070499e-05	23438	23438	9181.156327331684	122893.01890012373	0.06951239207478509	1
