ref_count	ref_count_raw	ref_avg_int	ref_avg_gap	ref_coverage	query_count	query_count_raw	query_avg_int	query_avg_gap	query_coverage	overlaps_count
38	39	92122.05263157895	79286583.94871795	0.0011308148537797322	3132	3132	35581.89846743295	952516.7270986275	0.035999392432818515	6
