ref_count	ref_count_raw	ref_avg_int	ref_avg_gap	ref_coverage	query_count	query_count_raw	query_avg_int	query_avg_gap	query_coverage	overlaps_count
680	3343	385.8411764705882	4545396.5345080765	8.475430901906908e-05	23438	23438	9181.156327331684	122893.01890012373	0.06951239207478509	23
