ref_count	ref_count_raw	ref_avg_int	ref_avg_gap	ref_coverage	query_count	query_count_raw	query_avg_int	query_avg_gap	query_coverage	overlaps_count
97	97	430.78350515463916	31588118.63265306	1.3498176469557805e-05	1169	1169	55370.63387510693	2590554.8213675213	0.020909242916942537	0
