ref_count	ref_count_raw	ref_avg_int	ref_avg_gap	ref_coverage	query_count	query_count_raw	query_avg_int	query_avg_gap	query_coverage	overlaps_count
13	58	64749.307692307695	221059690.7857143	0.00027190849948935186	1169	1169	55370.63387510693	2590554.8213675213	0.020909242916942537	0
