ref_count	ref_count_raw	ref_avg_int	ref_avg_gap	ref_coverage	query_count	query_count_raw	query_avg_int	query_avg_gap	query_coverage	overlaps_count
11	50	70642.09090909091	257908362.41666666	0.00025101549566754406	11530	11530	8883.443972246314	259582.9765848582	0.03308681602383963	4
