ref_count	ref_count_raw	ref_avg_int	ref_avg_gap	ref_coverage	query_count	query_count_raw	query_avg_int	query_avg_gap	query_coverage	overlaps_count
367	369	56585.82561307902	8355734.820652174	0.006708385673358397	11732	11732	11647.083020797818	252197.54828262166	0.044140121793801425	59
