ref_count	ref_count_raw	ref_avg_int	ref_avg_gap	ref_coverage	query_count	query_count_raw	query_avg_int	query_avg_gap	query_coverage	overlaps_count
5606	22539	4875.371031038173	547234.8995897984	0.008828868891200863	11732	11732	11647.083020797818	252197.54828262166	0.044140121793801425	204
