ref_count	ref_count_raw	ref_avg_int	ref_avg_gap	ref_coverage	query_count	query_count_raw	query_avg_int	query_avg_gap	query_coverage	overlaps_count
391	1489	65011.68030690537	7832290.420918368	0.00821131003555612	11732	11732	11647.083020797818	252197.54828262166	0.044140121793801425	67
