ref_count	ref_count_raw	ref_avg_int	ref_avg_gap	ref_coverage	query_count	query_count_raw	query_avg_int	query_avg_gap	query_coverage	overlaps_count
5242	5265	4237.685043876383	586203.2170513065	0.0071757945171840145	24032	24032	11362.341253328896	117447.5773727791	0.0882067956892144	450
