ref_count	ref_count_raw	ref_avg_int	ref_avg_gap	ref_coverage	query_count	query_count_raw	query_avg_int	query_avg_gap	query_coverage	overlaps_count
2835	11130	72599.51287477954	1018990.759167842	0.06648613263196172	11530	11530	8883.443972246314	259582.9765848582	0.03308681602383963	456
