ref_count	ref_count_raw	ref_avg_int	ref_avg_gap	ref_coverage	query_count	query_count_raw	query_avg_int	query_avg_gap	query_coverage	overlaps_count
2664	2699	80806.74474474475	1080828.6093808631	0.06953863059682396	23438	23438	9181.156327331684	122893.01890012373	0.06951239207478509	883
