ref_count	ref_count_raw	ref_avg_int	ref_avg_gap	ref_coverage	query_count	query_count_raw	query_avg_int	query_avg_gap	query_coverage	overlaps_count
44183	181374	328.5424484530249	69734.77777023357	0.004689116166862415	11530	11530	8883.443972246314	259582.9765848582	0.03308681602383963	567
