ref_count	ref_count_raw	ref_avg_int	ref_avg_gap	ref_coverage	query_count	query_count_raw	query_avg_int	query_avg_gap	query_coverage	overlaps_count
2831	12071	85144.55704697987	1007991.9389124294	0.07786478011747046	23438	23438	9181.156327331684	122893.01890012373	0.06951239207478509	964
