ref_count	ref_count_raw	ref_avg_int	ref_avg_gap	ref_coverage	query_count	query_count_raw	query_avg_int	query_avg_gap	query_coverage	overlaps_count
44183	181374	328.5424484530249	69734.77777023357	0.004689116166862415	11732	11732	11647.083020797818	252197.54828262166	0.044140121793801425	841
