ref_count	ref_count_raw	ref_avg_int	ref_avg_gap	ref_coverage	query_count	query_count_raw	query_avg_int	query_avg_gap	query_coverage	overlaps_count
37822	38035	322.6725715192216	81523.76305422626	0.00394231064021473	11530	11530	8883.443972246314	259582.9765848582	0.03308681602383963	434
