ref_count	ref_count_raw	ref_avg_int	ref_avg_gap	ref_coverage	query_count	query_count_raw	query_avg_int	query_avg_gap	query_coverage	overlaps_count
2664	2699	80806.74474474475	1080828.6093808631	0.06953863059682396	11732	11732	11647.083020797818	252197.54828262166	0.044140121793801425	502
