ref_count	ref_count_raw	ref_avg_int	ref_avg_gap	ref_coverage	query_count	query_count_raw	query_avg_int	query_avg_gap	query_coverage	overlaps_count
2835	11130	72599.51287477954	1018990.759167842	0.06648613263196172	24032	24032	11362.341253328896	117447.5773727791	0.0882067956892144	973
