ref_count	ref_count_raw	ref_avg_int	ref_avg_gap	ref_coverage	query_count	query_count_raw	query_avg_int	query_avg_gap	query_coverage	overlaps_count
2831	12071	85144.55704697987	1007991.9389124294	0.07786478011747046	24032	24032	11362.341253328896	117447.5773727791	0.0882067956892144	1072
