ref_count	ref_count_raw	ref_avg_int	ref_avg_gap	ref_coverage	query_count	query_count_raw	query_avg_int	query_avg_gap	query_coverage	overlaps_count
37822	38035	322.6725715192216	81523.76305422626	0.00394231064021473	3132	3132	35581.89846743295	952516.7270986275	0.035999392432818515	1077
