ref_count	ref_count_raw	ref_avg_int	ref_avg_gap	ref_coverage	query_count	query_count_raw	query_avg_int	query_avg_gap	query_coverage	overlaps_count
58423	269840	6776.9897814217	46209.52584554293	0.12789836320322642	23438	23438	9181.156327331684	122893.01890012373	0.06951239207478509	4711
