ref_count	ref_count_raw	ref_avg_int	ref_avg_gap	ref_coverage	query_count	query_count_raw	query_avg_int	query_avg_gap	query_coverage	overlaps_count
67469	285887	299.38087121492833	45582.90327552987	0.006524881410996321	3132	3132	35581.89846743295	952516.7270986275	0.035999392432818515	1669
