ref_count	ref_count_raw	ref_avg_int	ref_avg_gap	ref_coverage	query_count	query_count_raw	query_avg_int	query_avg_gap	query_coverage	overlaps_count
3336	3379	92848.74730215827	834861.8492658077	0.10005675003452201	3132	3132	35581.89846743295	952516.7270986275	0.035999392432818515	321
