ref_count	ref_count_raw	ref_avg_int	ref_avg_gap	ref_coverage	query_count	query_count_raw	query_avg_int	query_avg_gap	query_coverage	overlaps_count
46378	188715	372.65582819440255	66374.74676038725	0.005582956393648939	24032	24032	11362.341253328896	117447.5773727791	0.0882067956892144	3059
