ref_count	ref_count_raw	ref_avg_int	ref_avg_gap	ref_coverage	query_count	query_count_raw	query_avg_int	query_avg_gap	query_coverage	overlaps_count
3998	4074	60830.605302651325	713297.487371843	0.07856140276672988	24032	24032	11362.341253328896	117447.5773727791	0.0882067956892144	1221
