ref_count	ref_count_raw	ref_avg_int	ref_avg_gap	ref_coverage	query_count	query_count_raw	query_avg_int	query_avg_gap	query_coverage	overlaps_count
35391	35657	6471.447147579893	80997.01700949368	0.07398412544930894	11530	11530	8883.443972246314	259582.9765848582	0.03308681602383963	1025
