ref_count	ref_count_raw	ref_avg_int	ref_avg_gap	ref_coverage	query_count	query_count_raw	query_avg_int	query_avg_gap	query_coverage	overlaps_count
35391	35657	6471.447147579893	80997.01700949368	0.07398412544930894	23438	23438	9181.156327331684	122893.01890012373	0.06951239207478509	2761
