ref_count	ref_count_raw	ref_avg_int	ref_avg_gap	ref_coverage	query_count	query_count_raw	query_avg_int	query_avg_gap	query_coverage	overlaps_count
4203	15538	54080.53033547466	682297.0844433872	0.0734251146837518	23438	23438	9181.156327331684	122893.01890012373	0.06951239207478509	1087
