ref_count	ref_count_raw	ref_avg_int	ref_avg_gap	ref_coverage	query_count	query_count_raw	query_avg_int	query_avg_gap	query_coverage	overlaps_count
39436	39735	370.74208844710415	78126.04475492558	0.00472290327904489	3132	3132	35581.89846743295	952516.7270986275	0.035999392432818515	755
