ref_count	ref_count_raw	ref_avg_int	ref_avg_gap	ref_coverage	query_count	query_count_raw	query_avg_int	query_avg_gap	query_coverage	overlaps_count
36647	171603	7170.768084699976	77299.99656188604	0.08488841149318048	1169	1169	55370.63387510693	2590554.8213675213	0.020909242916942537	354
