ref_count	ref_count_raw	ref_avg_int	ref_avg_gap	ref_coverage	query_count	query_count_raw	query_avg_int	query_avg_gap	query_coverage	overlaps_count
4161	17094	65848.02931987503	677963.4219125421	0.08850846310339006	23438	23438	9181.156327331684	122893.01890012373	0.06951239207478509	1229
