ref_count	ref_count_raw	ref_avg_int	ref_avg_gap	ref_coverage	query_count	query_count_raw	query_avg_int	query_avg_gap	query_coverage	overlaps_count
8739	31212	49763.31330815883	304438.88066361554	0.14048026881426234	11530	11530	8883.443972246314	259582.9765848582	0.03308681602383963	1507
