ref_count	ref_count_raw	ref_avg_int	ref_avg_gap	ref_coverage	query_count	query_count_raw	query_avg_int	query_avg_gap	query_coverage	overlaps_count
8739	31212	49763.31330815883	304438.88066361554	0.14048026881426234	24032	24032	11362.341253328896	117447.5773727791	0.0882067956892144	2881
