ref_count	ref_count_raw	ref_avg_int	ref_avg_gap	ref_coverage	query_count	query_count_raw	query_avg_int	query_avg_gap	query_coverage	overlaps_count
41755	42069	6589.709831157945	67547.75548424179	0.08888307707172688	11732	11732	11647.083020797818	252197.54828262166	0.044140121793801425	1473
