ref_count	ref_count_raw	ref_avg_int	ref_avg_gap	ref_coverage	query_count	query_count_raw	query_avg_int	query_avg_gap	query_coverage	overlaps_count
45308	45670	336.2801712721815	67987.40272352072	0.0049217602392739234	24032	24032	11362.341253328896	117447.5773727791	0.0882067956892144	2830
