ref_count	ref_count_raw	ref_avg_int	ref_avg_gap	ref_coverage	query_count	query_count_raw	query_avg_int	query_avg_gap	query_coverage	overlaps_count
3558	3590	67484.06239460371	802351.5363866255	0.07756244015259818	24032	24032	11362.341253328896	117447.5773727791	0.0882067956892144	1096
