ref_count	ref_count_raw	ref_avg_int	ref_avg_gap	ref_coverage	query_count	query_count_raw	query_avg_int	query_avg_gap	query_coverage	overlaps_count
43656	219719	7341.8989600513105	63567.3424880317	0.10353725480489438	11732	11732	11647.083020797818	252197.54828262166	0.044140121793801425	1634
