ref_count	ref_count_raw	ref_avg_int	ref_avg_gap	ref_coverage	query_count	query_count_raw	query_avg_int	query_avg_gap	query_coverage	overlaps_count
45308	45670	336.2801712721815	67987.40272352072	0.0049217602392739234	3132	3132	35581.89846743295	952516.7270986275	0.035999392432818515	1198
