ref_count	ref_count_raw	ref_avg_int	ref_avg_gap	ref_coverage	query_count	query_count_raw	query_avg_int	query_avg_gap	query_coverage	overlaps_count
40753	174038	7104.82546070228	68855.43652156844	0.09353137083264024	11530	11530	8883.443972246314	259582.9765848582	0.03308681602383963	1610
