ref_count	ref_count_raw	ref_avg_int	ref_avg_gap	ref_coverage	query_count	query_count_raw	query_avg_int	query_avg_gap	query_coverage	overlaps_count
42410	42674	338.52459325630747	72653.80641814624	0.004637701571987954	3132	3132	35581.89846743295	952516.7270986275	0.035999392432818515	1037
