ref_count	ref_count_raw	ref_avg_int	ref_avg_gap	ref_coverage	query_count	query_count_raw	query_avg_int	query_avg_gap	query_coverage	overlaps_count
8806	9203	48199.469679763795	303307.9234699671	0.13710877249505868	3132	3132	35581.89846743295	952516.7270986275	0.035999392432818515	813
