ref_count	ref_count_raw	ref_avg_int	ref_avg_gap	ref_coverage	query_count	query_count_raw	query_avg_int	query_avg_gap	query_coverage	overlaps_count
9020	32430	52653.68070953437	290515.5982707017	0.15341915089697983	3132	3132	35581.89846743295	952516.7270986275	0.035999392432818515	870
