ref_count	ref_count_raw	ref_avg_int	ref_avg_gap	ref_coverage	query_count	query_count_raw	query_avg_int	query_avg_gap	query_coverage	overlaps_count
8820	8989	39741.2246031746	311207.3246797415	0.11322807720250924	24032	24032	11362.341253328896	117447.5773727791	0.0882067956892144	2669
