ref_count	ref_count_raw	ref_avg_int	ref_avg_gap	ref_coverage	query_count	query_count_raw	query_avg_int	query_avg_gap	query_coverage	overlaps_count
14639	64011	337.0230206981351	211116.375136612	0.0015937319505175884	24032	24032	11362.341253328896	117447.5773727791	0.0882067956892144	1447
