ref_count	ref_count_raw	ref_avg_int	ref_avg_gap	ref_coverage	query_count	query_count_raw	query_avg_int	query_avg_gap	query_coverage	overlaps_count
990	4338	83452.28888888888	3040423.4571140264	0.0266881057049881	3132	3132	35581.89846743295	952516.7270986275	0.035999392432818515	116
