ref_count	ref_count_raw	ref_avg_int	ref_avg_gap	ref_coverage	query_count	query_count_raw	query_avg_int	query_avg_gap	query_coverage	overlaps_count
14639	64011	337.0230206981351	211116.375136612	0.0015937319505175884	23438	23438	9181.156327331684	122893.01890012373	0.06951239207478509	1110
