ref_count	ref_count_raw	ref_avg_int	ref_avg_gap	ref_coverage	query_count	query_count_raw	query_avg_int	query_avg_gap	query_coverage	overlaps_count
978	4020	72042.09611451943	3090112.606741573	0.022759855315312164	11732	11732	11647.083020797818	252197.54828262166	0.044140121793801425	181
