ref_count	ref_count_raw	ref_avg_int	ref_avg_gap	ref_coverage	query_count	query_count_raw	query_avg_int	query_avg_gap	query_coverage	overlaps_count
978	4020	72042.09611451943	3090112.606741573	0.022759855315312164	3132	3132	35581.89846743295	952516.7270986275	0.035999392432818515	106
