ref_count	ref_count_raw	ref_avg_int	ref_avg_gap	ref_coverage	query_count	query_count_raw	query_avg_int	query_avg_gap	query_coverage	overlaps_count
12196	12253	329.9443260085274	253476.5443141756	0.0012998773659042998	1169	1169	55370.63387510693	2590554.8213675213	0.020909242916942537	248
