ref_count	ref_count_raw	ref_avg_int	ref_avg_gap	ref_coverage	query_count	query_count_raw	query_avg_int	query_avg_gap	query_coverage	overlaps_count
4748	22167	399.09962089300757	651459.7782691093	0.0006121196584161399	11530	11530	8883.443972246314	259582.9765848582	0.03308681602383963	68
