ref_count	ref_count_raw	ref_avg_int	ref_avg_gap	ref_coverage	query_count	query_count_raw	query_avg_int	query_avg_gap	query_coverage	overlaps_count
312	1422	113616.33333333333	9777089.827476038	0.011450901138015604	24032	24032	11362.341253328896	117447.5773727791	0.0882067956892144	119
