ref_count	ref_count_raw	ref_avg_int	ref_avg_gap	ref_coverage	query_count	query_count_raw	query_avg_int	query_avg_gap	query_coverage	overlaps_count
3598	3619	10098.254030016677	850053.8744095583	0.011736855351645406	3132	3132	35581.89846743295	952516.7270986275	0.035999392432818515	191
