ref_count	ref_count_raw	ref_avg_int	ref_avg_gap	ref_coverage	query_count	query_count_raw	query_avg_int	query_avg_gap	query_coverage	overlaps_count
3906	20648	10694.826164874552	781649.1991297671	0.013494297189386864	11530	11530	8883.443972246314	259582.9765848582	0.03308681602383963	140
