ref_count	ref_count_raw	ref_avg_int	ref_avg_gap	ref_coverage	query_count	query_count_raw	query_avg_int	query_avg_gap	query_coverage	overlaps_count
82911	341329	6157.475606373099	31179.502991123118	0.16491461869412638	11530	11530	8883.443972246314	259582.9765848582	0.03308681602383963	4657
