ref_count	ref_count_raw	ref_avg_int	ref_avg_gap	ref_coverage	query_count	query_count_raw	query_avg_int	query_avg_gap	query_coverage	overlaps_count
103941	377516	364.04217777392944	29418.69989032345	0.012223143100544741	3132	3132	35581.89846743295	952516.7270986275	0.035999392432818515	5068
