ref_count	ref_count_raw	ref_avg_int	ref_avg_gap	ref_coverage	query_count	query_count_raw	query_avg_int	query_avg_gap	query_coverage	overlaps_count
9655	10272	49936.72232004143	270664.70153272577	0.15574589656242904	3132	3132	35581.89846743295	952516.7270986275	0.035999392432818515	986
