ref_count	ref_count_raw	ref_avg_int	ref_avg_gap	ref_coverage	query_count	query_count_raw	query_avg_int	query_avg_gap	query_coverage	overlaps_count
90978	93160	359.0592231088835	33667.230042097624	0.010552291357417445	11530	11530	8883.443972246314	259582.9765848582	0.03308681602383963	3422
