ref_count	ref_count_raw	ref_avg_int	ref_avg_gap	ref_coverage	query_count	query_count_raw	query_avg_int	query_avg_gap	query_coverage	overlaps_count
3307	4531	14061.695796794678	921757.9758162032	0.015021600060697797	11530	11530	8883.443972246314	259582.9765848582	0.03308681602383963	370
