ref_count	ref_count_raw	ref_avg_int	ref_avg_gap	ref_coverage	query_count	query_count_raw	query_avg_int	query_avg_gap	query_coverage	overlaps_count
3284	3473	13187.70676004872	929183.8608828007	0.013989968344931672	23438	23438	9181.156327331684	122893.01890012373	0.06951239207478509	602
