ref_count	ref_count_raw	ref_avg_int	ref_avg_gap	ref_coverage	query_count	query_count_raw	query_avg_int	query_avg_gap	query_coverage	overlaps_count
6085	10759	7690.284470008217	500966.48554058495	0.015116362195428909	11530	11530	8883.443972246314	259582.9765848582	0.03308681602383963	952
