ref_count	ref_count_raw	ref_avg_int	ref_avg_gap	ref_coverage	query_count	query_count_raw	query_avg_int	query_avg_gap	query_coverage	overlaps_count
3307	4531	14061.695796794678	921757.9758162032	0.015021600060697797	23438	23438	9181.156327331684	122893.01890012373	0.06951239207478509	619
