ref_count	ref_count_raw	ref_avg_int	ref_avg_gap	ref_coverage	query_count	query_count_raw	query_avg_int	query_avg_gap	query_coverage	overlaps_count
41531	41991	305.7608292600708	74231.40852836367	0.004102027217298441	3132	3132	35581.89846743295	952516.7270986275	0.035999392432818515	1362
