ref_count	ref_count_raw	ref_avg_int	ref_avg_gap	ref_coverage	query_count	query_count_raw	query_avg_int	query_avg_gap	query_coverage	overlaps_count
3272	13189	78596.38019559902	867250.2462572564	0.08307304727654226	11530	11530	8883.443972246314	259582.9765848582	0.03308681602383963	633
