ref_count	ref_count_raw	ref_avg_int	ref_avg_gap	ref_coverage	query_count	query_count_raw	query_avg_int	query_avg_gap	query_coverage	overlaps_count
3281	12054	68941.7997561719	874308.1556977453	0.07306899747472784	24032	24032	11362.341253328896	117447.5773727791	0.0882067956892144	1131
