ref_count	ref_count_raw	ref_avg_int	ref_avg_gap	ref_coverage	query_count	query_count_raw	query_avg_int	query_avg_gap	query_coverage	overlaps_count
38419	38844	5628.547073062808	74946.23274336284	0.0698532570486062	3132	3132	35581.89846743295	952516.7270986275	0.035999392432818515	1381
