ref_count	ref_count_raw	ref_avg_int	ref_avg_gap	ref_coverage	query_count	query_count_raw	query_avg_int	query_avg_gap	query_coverage	overlaps_count
3281	12054	68941.7997561719	874308.1556977453	0.07306899747472784	11530	11530	8883.443972246314	259582.9765848582	0.03308681602383963	563
