ref_count	ref_count_raw	ref_avg_int	ref_avg_gap	ref_coverage	query_count	query_count_raw	query_avg_int	query_avg_gap	query_coverage	overlaps_count
40977	170674	6101.542938721722	69443.469349407	0.0807651740555453	3132	3132	35581.89846743295	952516.7270986275	0.035999392432818515	1583
