ref_count	ref_count_raw	ref_avg_int	ref_avg_gap	ref_coverage	query_count	query_count_raw	query_avg_int	query_avg_gap	query_coverage	overlaps_count
405	1375	27164.076543209878	7597724.041871921	0.0035538105350881436	11732	11732	11647.083020797818	252197.54828262166	0.044140121793801425	191
