ref_count	ref_count_raw	ref_avg_int	ref_avg_gap	ref_coverage	query_count	query_count_raw	query_avg_int	query_avg_gap	query_coverage	overlaps_count
2400	11967	4296.504166666667	1285033.6534777177	0.0033309704557808106	3132	3132	35581.89846743295	952516.7270986275	0.035999392432818515	896
