ref_count	ref_count_raw	ref_avg_int	ref_avg_gap	ref_coverage	query_count	query_count_raw	query_avg_int	query_avg_gap	query_coverage	overlaps_count
110824	447023	333.7545838446546	27599.272673133317	0.011948279189756869	24032	24032	11362.341253328896	117447.5773727791	0.0882067956892144	8985
