ref_count	ref_count_raw	ref_avg_int	ref_avg_gap	ref_coverage	query_count	query_count_raw	query_avg_int	query_avg_gap	query_coverage	overlaps_count
96102	97772	327.55397390272833	31884.52826654735	0.010168563390351087	3132	3132	35581.89846743295	952516.7270986275	0.035999392432818515	3151
