ref_count	ref_count_raw	ref_avg_int	ref_avg_gap	ref_coverage	query_count	query_count_raw	query_avg_int	query_avg_gap	query_coverage	overlaps_count
8157	30237	65660.73164153488	313812.5550379995	0.1730136951362683	3132	3132	35581.89846743295	952516.7270986275	0.035999392432818515	747
