ref_count	ref_count_raw	ref_avg_int	ref_avg_gap	ref_coverage	query_count	query_count_raw	query_avg_int	query_avg_gap	query_coverage	overlaps_count
110824	447023	333.7545838446546	27599.272673133317	0.011948279189756869	3132	3132	35581.89846743295	952516.7270986275	0.035999392432818515	3657
