ref_count	ref_count_raw	ref_avg_int	ref_avg_gap	ref_coverage	query_count	query_count_raw	query_avg_int	query_avg_gap	query_coverage	overlaps_count
8032	33139	78036.73655378487	307343.00311216235	0.20247299204055438	24032	24032	11362.341253328896	117447.5773727791	0.0882067956892144	2995
