ref_count	ref_count_raw	ref_avg_int	ref_avg_gap	ref_coverage	query_count	query_count_raw	query_avg_int	query_avg_gap	query_coverage	overlaps_count
170396	754478	6404.472739970422	11763.005657376598	0.35252269269715497	11732	11732	11647.083020797818	252197.54828262166	0.044140121793801425	9876
