ref_count	ref_count_raw	ref_avg_int	ref_avg_gap	ref_coverage	query_count	query_count_raw	query_avg_int	query_avg_gap	query_coverage	overlaps_count
170396	754478	6404.472739970422	11763.005657376598	0.35252269269715497	11530	11530	8883.443972246314	259582.9765848582	0.03308681602383963	7887
